order_no,reference,trade_date,settlement_date,size,price_per_lot,action,symbol,principal_amount,activity_assessment_fee,fileName,Checked
23003/HN1I2B,23003 /1FCCKL 3*| WO#],01/03/2023,01/05/2023,35,14.351,Sell,BOIL,502.29,0.02,Pasted image 20230927113550.png,x
23005/HQ35Y,23005 /1GCX5C 3*| WO#],01/05/2023,01/09/2023,40,12.54,Sell,BOIL,501.6,0.02,Pasted image 20230927113606.png,x
23013/HKE7B,23013/1DH9BB,01/13/2023,01/18/2023,165,6.13,Sell,JDST,1011.45,0.03,Pasted image 20230927113622.png,x
23017/HOLXE,23017/1JWOXK,01/17/2023,01/19/2023,3,522.82,Sell,NRGU,1568.46,0.04,Pasted image 20230927113642.png,x
23017/HN3S1,23017/15774W,01/17/2023,01/19/2023,44,45.2926,Sell,FNGD,1992.87,0.05,Pasted image 20230927113653.png,x
23017/HOF32Z,23017/10WFFS 3*| WO#],01/17/2023,01/19/2023,27,54.63,Sell,FNGU,1475.01,0.04,Pasted image 20230927113701.png,x
23017/HOOBS,23017/1gW8Dz,01/17/2023,01/19/2023,27,54.0019,Sell,GDXU,1458.05,0.04,Pasted image 20230927113711.png,x
23017/HOHAO,23017/15WI4R,01/17/2023,01/19/2023,63,27.3317,Sell,BULZ,1721.9,0.04,Pasted image 20230927113719.png,x
23017/HN423,23017/15VC2M 3*,01/17/2023,01/19/2023,36,55.524,Sell,OILU,1998.86,0.05,Pasted image 20230927113727.png,x
23017/HNI1z3,23017/1gT1RV 3*,01/17/2023,01/19/2023,73,27.22,Sell,BERZ,1987.06,0.05,Pasted image 20230927113735.png,x
23017/HNZVI,23017/1g7T9V 3*| WO#],01/17/2023,01/19/2023,236,8.42,Sell,BNKD,1987.12,0.05,Pasted image 20230927113745.png,x
23017/HNY09,23017/15TR7X 3*| WO#,01/17/2023,01/19/2023,321,6.22,Sell,GDXD,1996.62,0.05,Pasted image 20230927113806.png,x
23017/HN2TV,23017/15745G 3*| WO#],01/17/2023,01/19/2023,65,30.85,Sell,BNKU,2005.25,0.05,Pasted image 20230927113814.png,x
23017/HOM3N,23017/15W4PQ,01/17/2023,01/19/2023,2,293.65,Buy,NRGD,587.3,0,Pasted image 20230927113828.png,x
23017/HOKA4,23017/1gWV1L,01/17/2023,01/19/2023,76,23.19,Sell,OILD,1762.44,0.05,Pasted image 20230927113836.png,x
23017/HKMKR,23017/1H0TCV 3*,01/17/2023,01/19/2023,78,25.5,Sell,TECL,1989,0.05,Pasted image 20230927113844.png,x
23017/HB692,23017/1c2QWW 3*| WO#],01/17/2023,01/19/2023,230,12.94,Sell,SOXL,2976.2,0.07,Pasted image 20230927113852.png,x
23017/HL7PN,23017/15HC2H,01/17/2023,01/19/2023,177,11.98,Sell,DRN,2120.46,0.05,Pasted image 20230927113859.png,x
23017/HK41x,23017/15B7WD 3*,01/17/2023,01/19/2023,20,38.53,Sell,TNA,770.6,0.02,Pasted image 20230927113908.png,x
23017/HMIxF,23017/1gK65W 3*| WO#],01/17/2023,01/19/2023,18,69.585,Sell,SPXL,1252.53,0.03,Pasted image 20230927113917.png,x
23017/HKY5zZ,23017/186LZD 3*| WO#],01/17/2023,01/19/2023,6,84.21,Sell,FAS,505.26,0.02,Pasted image 20230927113924.png,x
23017/HJÂ¥7S,23017/1HW82N,01/17/2023,01/19/2023,140,28.615,Buy,TZA,4006.1,,Pasted image 20230927113931.png,x
23017/HKOQ7,23017/1H8DFB,01/17/2023,01/19/2023,10,19.755,Sell,SPXS,197.55,0.01,Pasted image 20230927113946.png,x
23017/HCCIF,23017/10710C,01/17/2023,01/19/2023,140,28.5194,Buy,SOXS,3992.72,,Pasted image 20230927114000.png,x
23017/HNDQT,23017/1gNRWS,1/17/2023,01/19/2023,35,28.125,Buy,SOXS,984.38,0,Pasted image 20230927114010.png,x
23017/HNTZE,23017/1gSPCC,01/17/2023,01/19/2023,34,34.3799,Buy,TECS,1168.92,,Pasted image 20230927114017.png,x
23017/HK2M5,23017/17BMWT 3*| WO#],01/17/2023,01/19/2023,18,42.9656,Sell,DRV,773.38,0.02,Pasted image 20230927114027.png,x
23017/HCYRW,23017/1FLDIN,01/17/2023,01/19/2023,13,154.1,Buy,GUSH,2003.3,,Pasted image 20230927114038.png,x
23017/HKXG6,23017/1H4XHR,01/17/2023,01/19/2023,17,151.03,Buy,GUSH,2567.51,,Pasted image 20230927114045.png,x
23017/HNM70,23017/157RXD,01/17/2023,01/19/2023,49,41.16,Sell,NUGT,2016.84,0.05,Pasted image 20230927114051.png,x
23017/HI979,23017/18ZIMT,01/17/2023,01/19/2023,340,6.4752,Buy,JDST,2201.57,0,Pasted image 20230927114101.png,x
23017/HI005,23017/1HR7EK 3*| WO#],01/17/2023,01/19/2023,23,43.3127,Buy,JNUG,996.19,,Pasted image 20230927114109.png,x
23017/HNL8,23017/15P4ZL 3*,01/17/2023,01/19/2023,167,11.98,Sell,DUST,2000.66,0.05,Pasted image 20230927114125.png,x
23017/HMZNE,23017/15KXKx,01/17/2023,01/19/2023,87,14.95,Sell,SPXU,1300.65,0.03,Pasted image 20230927114141.png,x
23017/HM2L0,23017/15K8TR 3*| WO#],01/17/2023,01/19/2023,128,11.7,Sell,DUG,1497.6,0.04,Pasted image 20230927114152.png,x
23017/HJ61N,23017/1HX2NT,01/17/2023,01/19/2023,44,45.7211,Buy,SQQQ,2011.73,,Pasted image 20230927114159.png,x
23017/HK1JE,23017/1H8 9WH 3*,01/19/2023,01/19/2023,10,15.74,Sell,SRS,157.4,0.01,Pasted image 20230927114207.png,x
23017/HLLKW,23017/15D27V 3*| WO#,01/17/2023,01/19/2023,30,9.2077,Sell,SMN,276.23,0.01,Pasted image 20230927114219.png,x
23017/HM4Vx,23017/13LGPG 3*,01/17/2023,01/19/2023,36,44.5396,Sell,DIG,1603.43,0.04,Pasted image 20230927114226.png,x
23017/HIOF9,23017/18xDVI,01/17/2023,01/19/2023,70,71.14,Buy,UPW,4979.8,,Pasted image 20230927114244.png,x
23017/HLI56,23017/15DVQG 3*| WO#],01/17/2023,01/19/2023,11,94.01,Sell,RXL,1034.11,0.03,Pasted image 20230927114252.png,x
23017/HLENZ,23017/15HGNH 3*| WO#],01/17/2023,01/19/2023,82,23.58,Sell,SAA,1933.56,0.05,Pasted image 20230927114258.png,x
23017/HNIWG,23017/17PCQx,01/17/2023,01/19/2023,27,66.65,Buy,URE,1799.55,0,Pasted image 20230927114307.png,x
23017/HKPDY,23017/154MIE,01/17/2023,01/19/2023,27,66.2,Buy,URE,1787.4,,Pasted image 20230927114316.png,x
23017/HM3vD,23017/15LC9K,01/17/2023,01/19/2023,35,45.53,Sell,URTY,1593.55,0.04,Pasted image 20230927114323.png,x
23017/HK3F,23017/15B1Dx 3*,01/17/2023,01/19/2023,14,60.391,Sell,UDOW,845.47,0.02,Pasted image 20230927114331.png,x
23017/HMAS2,23017/1JHNDL 3*| WO#],01/17/2023,01/19/2023,50,36.6936,Sell,UPRO,1834.68,0.05,Pasted image 20230927114344.png,x
23017/HLIET,23017/15DPBX,01/17/2023,01/19/2023,170,23.5217,Buy,SCO,3998.69,,Pasted image 20230927114357.png,x
74347Â¥797,23017/18270 3*| WO#],01/17/2023,01/19/2023,85,23.59,Sell,SCO,2005.15,0.05,Pasted image 20230927114404.png,x
23017/HI32F,23017/18XR8B,01/17/2023,01/19/2023,43,39.0217,Buy,KOLD,1677.93,,Pasted image 20230927114415.png,x
23017/HCODF,23017/1D3G1P,01/17/2023,01/19/2023,30,11.4109,Sell,BOIL,342.33,0.01,Pasted image 20230927114422.png,x
01/17/2023,REFERENCE NO.,01/17/2023,01/19/2023,100,30.26,Buy,UCO,3026,0,Pasted image 20230927114431.png,x
23017/HI117,23017/18XLQD 3*| WO#],01/17/2023,01/19/2023,33,30.26,Buy,UCO,998.58,,Pasted image 20230927114440.png,x
23018/HLZPN,23018/1DQT6H,01/18/2023,01/20/2023,25,63.89,Sell,URE,1597.25,0.04,Pasted image 20230927114600.png,x
23018/HLILT,23018/1D91cV 3*| WO#] 01/18/2023,01/18/2023,01/20/2023,79,20.3005,Sell,UMDD,1603.74,0.04,Pasted image 20230927114610.png,x
23019/HDXXE,23019/1C3NMN 3*| WO#],01/19/2023,01/23/2023,5,50.0204,Sell,FNGU,250.1,0.01,Pasted image 20230927114621.png,x
23019/HDWS5L,23019/1C3LBN 3*| WO#] 01/19/2023,01/23/2023,01/23/2023,10,25.28,Sell,BULZ,252.8,0.01,Pasted image 20230927114710.png,x
23019/HE9GB,23019/1C77DC 3*| WO#] 01/19/2023,01/23/2023,01/23/2023,5,52.26,Sell,OILU,261.3,0.01,Pasted image 20230927114717.png,x
23019/HE8DB,23019/10739H,01/19/2023,01/23/2023,40,5.99,Sell,GDXD,239.6,0.01,Pasted image 20230927114725.png,x
23019/G83E0,23019184849 3*,01/19/2023,01/23/2023,10,27.0273,Sell,BNKU,270.27,0.01,Pasted image 20230927114731.png,x
23019/HTSGK,23019/1GR6RM,01/19/2023,01/23/2023,10,23.01,Sell,OILD,230.1,0.01,Pasted image 20230927114741.png,x
23019/G9PEO,23019/1B6VRV,01/19/2023,01/23/2023,82,12.0752,Buy,SOXL,990.17,990.17,Pasted image 20230927114746.png,x
23019/G8ivy,23019/1B4LQZ,01/19/2023,01/23/2023,9,35.4901,Sell,TNA,319.41,0.01,Pasted image 20230927114754.png,x
23019/HDVZ5,23019/1C3GMM,01/19/2023,01/23/2023,4,64.45,Sell,SPXL,257.8,0.01,Pasted image 20230927114805.png,x
23019/HESOL,23019/1C7VWT,01/19/2023,01/23/2023,5,75.65,Sell,FAS,378.25,0.01,Pasted image 20230927114811.png,x
23019/HELOT,23019/10513V 3*| WO#],01/19/2023,01/23/2023,71,14.075,Buy,DRIP,999.33,,Pasted image 20230927114817.png,x
23019/G9NOT,23019/1B6NRZ,01/19/2023,01/23/2023,33,30.365,Buy,SOXS,1002.05,,Pasted image 20230927114825.png,x
23019/HENMT,23019/1c578W,01/19/2023,01/23/2023,6,144.6019,Buy,GUSH,867.61,,Pasted image 20230927114829.png,x
23019/HEELW,23019/107x9W,01/19/2023,01/23/2023,20,11.701,Sell,DUST,234.02,0.01,Pasted image 20230927115046.png,x
23019/G9XLP,23019/1B77GK,01/19/2023,01/23/2023,56,48.8,Buy,SQQQ,2732.8,2732.8,Pasted image 20230927115207.png,x
23019/HALFH,23019/1CBg9D,01/19/2023,01/23/2023,20,12.4,Buy,RXD,248,0,Pasted image 20230927115218.png,x
23019/HE7CB,23019/1C703P 3*| WO#],01/19/2023,01/23/2023,5,42.61,Sell,DIG,213.05,0.01,Pasted image 20230927115223.png,x
23019/HTRVD,23019/1GR39D 3*,01/19/2023,01/23/2023,3,66.2,Sell,UPW,198.6,0.01,Pasted image 20230927115227.png,x
23019/HAION,23019/1CBBFK,01/19/2023,01/23/2023,20,90.765,Buy,RXL,1815.3,0,Pasted image 20230927115235.png,x
23019/HAMSB,23019/1CBQWP,01/19/2023,01/23/2023,1,90.765,Buy,RXL,90.77,,Pasted image 20230927115240.png,x
23019/HTPS56,23019/1GRVHC 3*| WO#],01/19/2023,01/23/2023,34,62.3327,Sell,SVXY,2119.31,0.05,Pasted image 20230927115251.png,x
01/19/2023,REFERENCE NO.,01/19/2023,01/23/2023,4,63.67,Sell,URE,254.68,0.01,Pasted image 20230927115301.png,x
23019/HDYTI,23019/1C3Q2L 3*,01/19/2023,01/23/2023,6,41.5409,Sell,URTY,249.25,0.01,Pasted image 20230927115305.png,x
23019/HD1EO,23019/103Z4T 3*,01/19/2023,01/23/2023,10,19.2074,Sell,UMDD,192.07,0.01,Pasted image 20230927115309.png,x
01/19/2023,REFERENCE NO.,01/19/2023,01/23/2023,4,55.945,Sell,UDOW,223.78,0.01,Pasted image 20230927115318.png,x
23019/G9YTF,23019/1B79PL,01/19/2023,01/23/2023,20,18.855,Buy,TQQQ,377.1,377.1,Pasted image 20230927115323.png,x
23019/G870D,23019/1B479D,01/19/2023,01/23/2023,81,41.6476,Buy,KOLD,3373.46,,Pasted image 20230927115329.png,x
23019/G89FE,23019/1B5Cdz,01/19/2023,01/23/2023,225,10.165,Buy,BOIL,2287.13,2287.13,Pasted image 20230927115335.png,x
23019/HTO57,23019/1GRPIM,01/19/2023,01/23/2023,470,4.471,Sell,UVIX,2101.37,0.05,Pasted image 20230927115339.png,x
23020/HS4QS,23020/1F5TOC 3*| WO#],01/20/2023,01/24/2023,5,43.26,Sell,FNGD,216.3,0.01,Pasted image 20230927115402.png,x
23020/HS5Na,23020/1F5xIZ 3*| WO#],01/20/2023,01/24/2023,8,26.2101,Sell,BERZ,209.68,0.01,Pasted image 20230927115410.png,x
23020/HS8ES,23020/1F549B,01/20/2023,01/24/2023,30,6.17,Sell,JDST,185.1,0.01,Pasted image 20230927115414.png,x
23020/Hszwa,23020/1F47LS,01/20/2023,01/24/2023,55,23.1,Sell,SDD,1270.5,0.03,Pasted image 20230927115422.png,x
23020/HS3V4,23020/1F5PXD,01/20/2023,01/24/2023,55,4.255,Sell,UVIX,234.03,0.01,Pasted image 20230927115428.png,x
23023/G55x9,23023/1BV8CP_ 3*,01/23/2023,01/25/2023,8,39.8801,Sell,FNGD,319.04,0.01,Pasted image 20230927115440.png,x
23023/G57R4,23023/1BWC7S,01/23/2023,01/25/2023,10,23.97,Sell,BERZ,239.7,0.01,Pasted image 20230927115647.png,x
23023/HJOCI,23023/1D6TZzD 3*| WO#],01/23/2023,01/25/2023,20,12.4938,Sell,DRIP,249.88,0.01,Pasted image 20230927115653.png,x
23023/HIWRG,23023/1D7SRZ,01/23/2023,01/25/2023,25,24.411,Sell,SOXS,610.28,0.02,Pasted image 20230927115701.png,x
23023/HJHZT,23023/1D59SQ 3*| WO#,01/23/2023,01/25/2023,20,14.5433,Sell,SPXU,290.87,0.01,Pasted image 20230927115706.png,x
23023/HNGC3,23023/1FN97F,01/23/2023,01/25/2023,25,11.35,Sell,DUG,283.75,0.01,Pasted image 20230927115709.png,x
23024/HIJ4Y,23024/1DS1LZ,01/24/2023,01/26/2023,70,14.345,Buy,SOXL,1004.15,0,Pasted image 20230927115725.png,x
23025/HLZ4W,23025 /1DPXNF_ 3*| WO#],01/25/2023,01/27/2023,36,8.4414,Sell,BNKD,303.89,0.01,Pasted image 20230927115737.png,x
23025/HLYIN,23025/1DPVVV 3*,01/25/2023,01/27/2023,55,5.37,Sell,GDXD,295.35,0.01,Pasted image 20230927115745.png,x
23025/HL69B,23025/1DQMNW,01/25/2023,01/27/2023,38,26.385,Buy,TECL,1002.63,1002.63,Pasted image 20230927115750.png,x
23025/HL22A,23025/1DP6WD,01/25/2023,01/27/2023,15,69.12,Buy,SPXL,1036.8,0,Pasted image 20230927115757.png,x
23025/HL8NV,23025/1D9QWZ,01/25/2023,01/27/2023,18,58.5101,Buy,UDOW,1053.18,1053.18,Pasted image 20230927115804.png,x
23025/HLWOY,23025/1DPNRG 3*,01/25/2023,01/27/2023,56,8.8715,Sell,BOIL,496.8,0.02,Pasted image 20230927115810.png,x
23026/HFM15,23026/1CP56,01/26/2023,01/30/2023,67,7.3901,Sell,BOIL,495.14,0.02,Pasted image 20230927115826.png,x
23026/HFPOW,23026/1CQN2H,01/26/2023,01/30/2023,25,19.3705,Sell,UVIX,484.26,0.02,Pasted image 20230927115837.png,x
23027/HOBAK,23027/1D24J)L 3*| WO#],01/27/2023,01/31/2023,13,32.095,Sell,FNGD,417.24,0.01,Pasted image 20230927115852.png,x
23027/HOCRO,23027/1D270G 3*| WO#],01/27/2023,01/31/2023,25,20.37,Sell,BERZ,509.25,0.02,Pasted image 20230927115902.png,x
23027/HOHOX,23027/1D3QDM,01/27/2023,01/31/2023,12,30.0603,Sell,TECS,360.72,0.01,Pasted image 20230927115909.png,x
23027/HOEY?,23027/1D3GGG 3*| WO#],01/27/2023,01/31/2023,5,41.26,Sell,DRV,206.3,0.01,Pasted image 20230927115916.png,x
23027/HOTxY,23027/1D3TTT 3*| WO#,01/27/2023,01/31/2023,20,15.36,Sell,SRS,307.2,0.01,Pasted image 20230927115923.png,x
23027/HOGHK,23027/1D3MKC,01/27/2023,01/31/2023,12,24.82,Sell,SDOW,297.84,0.01,Pasted image 20230927115931.png,x
23031/HRYQ4,23031/1FMB7G 3*,01/31/2023,02/02/2023,20,24.765,Sell,SOXS,495.3,0.02,Pasted image 20230927115949.png,x
23031/HLYSH,23031/1DQQKL 3*| WO#,01/31/2023,02/02/2023,68,7.361,Sell,BOIL,500.55,0.02,Pasted image 20230927115957.png,x
23033/G6MVF,23033/1BR98S,02/02/2023,02/06/2023,1,459.52,Sell,NRGU,459.52,0.02,Pasted image 20230927120012.png,x
23033/G6HOA,23033/1BRX5H,02/02/2023,02/06/2023,20,24.801,Sell,FNGD,496.02,0.02,Pasted image 20230927120019.png,x
23033/cE4De,23033/1BTIKC,02/02/2023,02/06/2023,20,19.43,Sell,SOXS,388.6,0.01,Pasted image 20230927120024.png,x
WO#,REFERENCE NO.,02/02/2023,02/06/2023,12,37.0905,Sell,SRTY,445.09,0.02,Pasted image 20230927120030.png,x
23033/G60FP,23033/1BS7TP,02/02/2023,02/06/2023,25,6.551,Sell,BOIL,163.78,0.01,Pasted image 20230927120036.png,x
23034/HCOT9,23034/1CBTDH 3*| WO#],02/03/2023,02/07/2023,9,48.86,Sell,GDXU,439.74,0.02,Pasted image 20230927120048.png,x
23034/HCQEB,23034/1CBXWM 3*| WO#],02/03/2023,02/07/2023,25,16.03,Sell,BERZ,400.75,0.01,Pasted image 20230927120055.png,x
23034/HCOWL,23034/10CK4S,02/03/2023,02/07/2023,17,78.1,Buy,SPXL,1327.7,1327.7,Pasted image 20230927120100.png,x
23034/HCX9L,23034/10CC6Q,02/03/2023,02/07/2023,110,17.3752,Buy,SPXS,1911.27,0,Pasted image 20230927120106.png,x
23034/HMLIO,23034/1DG9KS 3*,02/03/2023,02/07/2023,11,38.64,Sell,NUGT,425.04,0.01,Pasted image 20230927120112.png,x
23034/HCRQZ,23034/1CB02g,02/03/2023,02/07/2023,20,19.8,Sell,SDD,396,0.01,Pasted image 20230927120119.png,x
,,02/03/2023,02/07/2023,90,5.64,Sell,BOIL,507.6,0.02,Pasted image 20230927120132.png,x
063679583_,23037/1DqwsF__,02/06/2023,02/08/2023,8,45.69,Sell,OILU,365.52,0.01,Pasted image 20230927120152.png,x
23037/HL74H,23037/1DQVNX 3*,02/06/2023,02/08/2023,3,134.42,Sell,GUSH,403.26,0.01,Pasted image 20230927120159.png,x
23038/HXEWO,23038/1F615Q,02/07/2023,02/09/2023,29,17.46,Buy,SOXL,506.34,506.34,Pasted image 20230927120210.png,x
23039/HAJYH,23039/1B67CF,02/08/2023,02/10/2023,50,7.5,Sell,BNKD,375,0.01,Pasted image 20230927120225.png,x
23039/HAHDF,23039/1B61XR 3*| WO#] 02/08/2023,02/08/2023,02/10/2023,30,26.12,Sell,TECS,783.6,0.02,Pasted image 20230927120232.png,x
23039/HAOY?,23039/1B7KMF,02/08/2023,02/10/2023,30,8.89,Sell,SMN,266.7,0.01,Pasted image 20230927120239.png,x
23039/HAENI,tyec |rec.rep.| traoc pate |serrementoaTe | â€” cusiP no.,02/08/2023,02/10/2023,25,16.63,Sell,SMDD,415.75,0.01,Pasted image 20230927120244.png,x
23039/HOASY,23039/1D5908 3*| WO#],02/08/2023,02/10/2023,400,5.1739,Sell,UVXY,2069.56,0.05,Pasted image 20230927120251.png,x
23039/HP70T,23039/1D5PGX 3*,02/08/2023,02/10/2023,50,5.765,Sell,BOIL,288.25,0.01,Pasted image 20230927120256.png,x
74347Â¥870,23039/1D5Q8L,02/08/2023,02/10/2023,100,5.76,Sell,BOIL,576,0.02,Pasted image 20230927120301.png,x
23044/HI7QL,23044 /1D4J5WN 3*,02/13/2023,02/15/2023,10,42.45,Sell,GDXU,424.5,0.01,Pasted image 20230927120314.png,x
23044/HT8PR,23044/1D4NIT 3*| WO#],02/13/2023,02/15/2023,100,5.1836,Sell,UVXY,518.36,0.02,Pasted image 20230927120320.png,x
23046/HR3YT,23046/1FS9XG 3*| WO#],02/15/2023,02/17/2023,20,23.7809,Sell,FNGD,475.62,0.02,Pasted image 20230927120332.png,x
23046/HR101,23046/1FS00Q,02/15/2023,02/17/2023,10,33.8235,Sell,NUGT,338.24,0.01,Pasted image 20230927120340.png,x
23046/HR2EW,23046/1FS35x,02/15/2023,02/17/2023,20,13.3634,Sell,SPXU,267.27,0.01,Pasted image 20230927120345.png,x
23048/HTT2G,23048/1FVHLW 3*| WO#],02/17/2023,02/22/2023,1,397.881,Sell,NRGU,397.88,0.01,Pasted image 20230927120356.png,x
23048/HTWSB,23048/1FVMKS 3*,02/17/2023,02/22/2023,10,37.3414,Sell,GDXU,373.41,0.01,Pasted image 20230927120403.png,x
23048/HTYQO,23048/1FVSXo 3*| WO#],02/17/2023,02/22/2023,5,37.312,Sell,GDXU,186.56,0.01,Pasted image 20230927120409.png,x
23048/HTV3G,23048/1FVKWZ,02/17/2023,02/22/2023,5,38.68,Sell,DIG,193.4,0.01,Pasted image 20230927120414.png,x
23052/HIXH1,23052/1D24QB,02/21/2023,02/23/2023,5,79.9358,Buy,KOLD,399.68,,Pasted image 20230927120435.png,x
23053/HPYRQ,23053/1F5VNS,02/22/2023,02/24/2023,20,33.459,Sell,GDXU,669.18,0.02,Pasted image 20230927120445.png,x
23053/HPVOD,23053/1F496S,02/22/2023,02/24/2023,14,72.83,Buy,KOLD,1019.62,0,Pasted image 20230927120454.png,x
23053/HPTOO,23053/1F450F 3*,02/22/2023,02/24/2023,105,4.87,Buy,BOIL,511.35,,Pasted image 20230927120459.png,x
23053/HPTOO,23053/1F450G 3*| WO#],02/22/2023,02/24/2023,100,4.869,Buy,BOIL,486.9,,Pasted image 20230927120506.png,x
23055/HNOQP,23055/1D2P6D,02/24/2023,02/28/2023,15,32.0993,Buy,GDXU,481.49,,Pasted image 20230927120522.png,x
23055/HNZXi,23055/1D2G8S,02/24/2023,02/28/2023,100,9.6305,Buy,GDXD,963.05,,Pasted image 20230927120529.png,x
23055/HN15M,23055/1D2x6W 3*| WO#,02/24/2023,02/28/2023,35,10.27,Sell,DRN,359.45,0.01,Pasted image 20230927120534.png,x
23061/HKLOV.,23061/1FWZ7P_ 3*|,03/02/2023,03/06/2023,8,58.02,Sell,UPW,464.16,0.01,Pasted image 20230927120610.png,x
23066 /HCEWC,23066 /1CNZLF 3*| WO#],03/07/2023,03/09/2023,35,15.7115,Sell,UVIX,549.9,0.01,Pasted image 20230927120623.png,x
23067/GS5KPF_,23067/1BVFZN 3*| WO#,03/08/2023,03/10/2023,10,30.2,Sell,NUGT,302,0.01,Pasted image 20230927120633.png,x
23068/HVOZK,23068/1HPGTE,03/09/2023,03/13/2023,55,10.91,Buy,BNKD,600.05,,Pasted image 20230927120653.png,x
23068/HROF2,23068/1G4GLN,03/09/2023,03/13/2023,25,22.97,Sell,BNKU,574.25,0.01,Pasted image 20230927120700.png,x
23068/HVDIE,23068/18LDQC 3*| WO#] 03/09/2023,03/09/2023,03/13/2023,20,22.42,Sell,BNKU,448.4,0.01,Pasted image 20230927120705.png,x
25459wi02_|23068/HTB23,23068/1HD84M 3*,03/09/2023,03/13/2023,20,29.4225,Sell,TECL,588.45,0.01,Pasted image 20230927120710.png,x
23068/HTAAS,23068/1HD3DF 3*| WO#,03/09/2023,03/13/2023,30,15.3004,Sell,SOXL,459.01,0.01,Pasted image 20230927120715.png,x
23068/HTOVÂ®,23068/1HGS9G 3*| WO#,03/09/2023,03/13/2023,30,15.21,Sell,SOXL,456.3,0.01,Pasted image 20230927120720.png,x
23068/HRRP7,23068/1G4MVG 3*,03/09/2023,03/13/2023,8,68.6319,Sell,FAS,549.06,0.01,Pasted image 20230927120725.png,x
23068/HTVVA,23068/1HHI8C 3*| WO#],03/09/2023,03/13/2023,10,67.6901,Sell,FAS,676.9,0.01,Pasted image 20230927120730.png,x
23068/HVV8I,23068/1HNT8D,03/09/2023,03/13/2023,20,20.3355,Buy,FAZ,406.71,,Pasted image 20230927120734.png,x
23068/HTONB,23068/1HGOFM 3* | WO#,03/09/2023,03/13/2023,6,58.1,Sell,URE,348.6,0.01,Pasted image 20230927120749.png,x
23068/HS81V,tyec,03/09/2023,03/13/2023,20,52.22,Sell,UDOW,1044.4,0.01,Pasted image 20230927120756.png,x
23068/HSTET,23068/1G9HLK,03/09/2023,03/13/2023,100,4.849,Buy,UVXY,484.9,,Pasted image 20230927120801.png,x
23068/HTGOO,23068/1HFVVG,03/09/2023,03/13/2023,400,4.925,Buy,UVXY,1970,0,Pasted image 20230927120806.png,x
23068/HSQ69,23068/1G87BG,03/09/2023,03/13/2023,100,17.5213,Buy,UVIX,1752.13,0,Pasted image 20230927120810.png,x
23068/HTIFL,23068/1HH8IM,03/09/2023,03/13/2023,65,18.1981,Buy,UVIX,1182.88,1182.88,Pasted image 20230927120819.png,x
23069/HVEL3,23069/1GQPXP_ 3*,03/10/2023,03/14/2023,4,40.17,Sell,OILU,160.68,0.01,Pasted image 20230927120915.png,x
23069/HVEL3,23069/1GQPxXR 3*| WO#,03/10/2023,03/14/2023,2,40.15,Sell,OILU,80.3,0.01,Pasted image 20230927120922.png,x
63679823,23069/1GMW9F 3*,03/10/2023,03/14/2023,7,20.06,Sell,BNKU,140.42,0.01,Pasted image 20230927120927.png,x
23069/HT7EM,23069/1GNW7E,03/10/2023,03/14/2023,10,27.2,Sell,TECL,272,0.01,Pasted image 20230927120932.png,x
23069/HVAI1H,23069/1GPZ4C,03/10/2023,03/14/2023,15,13.9609,Sell,SOXL,209.41,0.01,Pasted image 20230927120936.png,x
23069/HTeGN,23069/1GNG1xX,03/10/2023,03/14/2023,35,8.71,Sell,DRN,304.85,0.01,Pasted image 20230927120941.png,x
23069/HT3KX,23069/1GMT4W,03/10/2023,03/14/2023,5,30.5501,Sell,TNA,152.75,0.01,Pasted image 20230927120948.png,x
23069/HT3Kx,23069/1GMT4x,03/10/2023,03/14/2023,7,30.56,Sell,TNA,213.92,0.01,Pasted image 20230927120958.png,x
23069/HVFxS,23069/1GQWVV,03/10/2023,03/14/2023,5,37.02,Sell,DIG,185.1,0.01,Pasted image 20230927121003.png,x
23069/HT8BS,23069/1GPGLB 3*,03/10/2023,03/14/2023,10,20.64,Sell,SAA,206.4,0.01,Pasted image 20230927121008.png,x
23069/HVCXW,23069/1GQBDD,03/10/2023,03/14/2023,3,57.62,Sell,SVXY,172.86,0.01,Pasted image 20230927121012.png,x
23069/HT4yG,23069/1GM02H,03/10/2023,03/14/2023,10,36.01,Sell,URTY,360.1,0.01,Pasted image 20230927121018.png,x
23069/HT93V,23069/1GPPIZ 3*| WO#,03/10/2023,03/14/2023,15,17.21,Sell,UMDD,258.15,0.01,Pasted image 20230927121021.png,x
23069/HVDTH,23069/1GQL5V 3*,03/10/2023,03/14/2023,5,49.4,Sell,UDOW,247,0.01,Pasted image 20230927121026.png,x
23069/HT86K,23069/1GPKXR 3*,03/10/2023,03/14/2023,10,32.28,Sell,UPRO,322.8,0.01,Pasted image 20230927121033.png,x
23072/HOM4Z,23072/1DS34M 3*| WO#],03/13/2023,03/15/2023,154,6.441,Sell,UVXY,991.91,0.01,Pasted image 20230927121046.png,x
23072/HOLPE,23072/1DSXBK,03/13/2023,03/15/2023,40,25.5124,Sell,UVIX,1020.5,0.01,Pasted image 20230927121055.png,x
23073/HT520,23073/1KF3TL,03/14/2023,03/16/2023,45,13.0995,Buy,BNKD,589.48,0,Pasted image 20230927121107.png,x
23073/HEKY1,23073/1CX4WL,03/14/2023,03/16/2023,92,29,Buy,SDOW,2668,,Pasted image 20230927121117.png,x
23073/HELRN,23073/1CZNHX,03/14/2023,03/16/2023,45,51.39,Buy,UDOW,2312.55,0,Pasted image 20230927121206.png,x
23073/HE03W,23073/1C058B,03/14/2023,03/16/2023,200,5.381,Sell,UVXY,1076.2,0.01,Pasted image 20230927121210.png,x
23073/HC7XH,23073/1CLC4K 3*| WO#],03/14/2023,03/16/2023,50,20.6229,Sell,UVIX,1031.15,0.01,Pasted image 20230927121214.png,x
23074/HC89K,23074/1CGG2D,03/15/2023,03/17/2023,1,320.9501,Sell,NRGU,320.95,0.01,Pasted image 20230927121226.png,x
23074/HC7WG,23074/1CF1HZ,03/15/2023,03/17/2023,10,33.0398,Sell,OILU,330.4,0.01,Pasted image 20230927121232.png,x
23074/HJTP3,23074/1DD14H 3*,03/15/2023,03/17/2023,15,15.7101,Sell,BNKU,235.65,0.01,Pasted image 20230927121237.png,x
23074/HC6KO,23074/1CFMCR 3*,03/15/2023,03/17/2023,4,106.4657,Sell,GUSH,425.86,0.01,Pasted image 20230927121242.png,x
23074/HISMO,23074/1DDF2x 3*,03/15/2023,03/17/2023,8,32.6227,Sell,DIG,260.98,0.01,Pasted image 20230927121249.png,x
23074/HOY10,REFERENCE NO.,03/15/2023,03/17/2023,10,20.1671,Sell,UYM,201.67,0.01,Pasted image 20230927121253.png,x
ORDER NO.,REFERENCE NO.,03/15/2023,03/17/2023,10,19.94,Sell,SAA,199.4,0.01,Pasted image 20230927121258.png,x
23074/HDAPH,23074/1CGWZL 3*,03/15/2023,03/17/2023,12,16.02,Sell,UMDD,192.24,0.01,Pasted image 20230927121303.png,x
WO#,REFERENCE NO.,03/15/2023,03/17/2023,10,22.25,Sell,UCO,222.5,0.01,Pasted image 20230927121306.png,x
23075/HIIH9,23075/1FWGNT,03/16/2023,03/20/2023,10,23.2018,Sell,FNGD,232.02,0.01,Pasted image 20230927121529.png,x
23075/HSRxXx,23075/1H7RLM 3*| WO#],03/16/2023,03/20/2023,10,15.8501,Sell,BERZ,158.5,0.01,Pasted image 20230927121535.png,x
23075/HILAG,23075/1FXCDC 3*,03/16/2023,03/20/2023,5,55.3902,Sell,KOLD,276.95,0.01,Pasted image 20230927121539.png,x
23076/G7X6Y,23076/1BVxxD__|_3*,03/17/2023,03/21/2023,10,32.69,Sell,OILU,326.9,0.01,Pasted image 20230927121550.png,x
23076/G77TBK,23076/1BVQCF 3*| WO#],03/17/2023,03/21/2023,15,14.7501,Sell,BNKU,221.25,0.01,Pasted image 20230927121556.png,x
23076/G7V2P,23076/1BVTHM,03/17/2023,03/21/2023,10,34.815,Sell,URTY,348.15,0.01,Pasted image 20230927121603.png,x
23076/HGOOV,23076/1CTXNZ 3*| WO#],03/17/2023,03/21/2023,40,4.7201,Sell,BOIL,188.8,0.01,Pasted image 20230927121611.png,x
23081/HK3FX,23081/1DO7RT,03/22/2023,03/24/2023,350,5.99,Buy,GDXD,2096.5,,Pasted image 20230927121624.png,x
23081/HKZVB,23081/1D0WHV,03/22/2023,03/24/2023,400,6.0202,Sell,GDXD,2408.08,0.02,Pasted image 20230927121631.png,x
23081/1F8RWR 3*,REFERENCE NO.,03/22/2023,03/24/2023,25,8.28,Sell,DRN,207,0.01,Pasted image 20230927121636.png,x
23081/HK7A8,23081/1D1LKP 3*,03/22/2023,03/24/2023,75,4.0828,Sell,BOIL,306.21,0.01,Pasted image 20230927121644.png,x
23082/HFO20,23082/1C1BKM 3*,03/23/2023,03/27/2023,10,18.1222,Sell,UVIX,181.22,0.01,Pasted image 20230927121658.png,x
23083/HLVVO,23083/1HLT8S 3*| WO#],03/24/2023,03/28/2023,20,5.4901,Sell,GDXD,109.8,0.01,Pasted image 20230927121708.png,x
23087/HN310,23087/1GLH4Q,03/28/2023,03/30/2023,40,5.172,Sell,GDXD,206.88,0.01,Pasted image 20230927121722.png,x
22088/B15A2,22088 /1DMDLR,03/29/2022,03/31/2022,1,399.73,Sell,NRGU,399.74,0.01,Pasted image 20230927121731.png,x
22088/BJODB,22088/1DNPPN 3*,03/29/2022,03/31/2022,1,36.1685,Sell,FNGD,36.17,0.01,Pasted image 20230927121737.png,x
22088/BIDLK,22088/1DM0ZP 3*,03/29/2022,03/31/2022,1,7.96,Sell,OILD,7.97,0.01,Pasted image 20230927121742.png,x
22088/BICA,22088/1DMRIV 3*,03/29/2022,03/31/2022,1,50.9405,Sell,OILU,50.94,0.01,Pasted image 20230927121749.png,x
22088/BIGOT,22088/1DM7ND 3*,03/29/2022,03/31/2022,1,18.42,Sell,BERZ,18.42,0.01,Pasted image 20230927121755.png,x
22088/BJBIC,22088/1DM3DN,03/29/2022,03/31/2022,1,16.48,Sell,BULZ,16.48,0.01,Pasted image 20230927121800.png,x
22088/BILRI,22088/1DNI3T 3*,03/29/2022,03/31/2022,1,9.08,Sell,BNKD,9.08,0.01,Pasted image 20230927121808.png,x
22088/BI7K2,22088/1DMHIX 3*,03/29/2022,03/31/2022,1,2.36,Sell,NRGD,2.36,0.01,Pasted image 20230927121820.png,x
22088/BJAXS,22088/1DMN2C 3*,03/29/2022,03/31/2022,1,9.1805,Sell,GDXD,9.18,0.01,Pasted image 20230927121826.png,x
22088/BI89K,22088/1DMK1I 3*,03/29/2022,03/31/2022,1,15.8409,Sell,GDXU,15.84,0.01,Pasted image 20230927121830.png,x
22088/BIKCX,22088/1DNGHF,03/29/2022,3/31/2022,1,49.28,Sell,BNKU,49.28,0.01,Pasted image 20230927121835.png,x
22088/BIM04,22088/1DNMMC 3*,03/29/2022,03/31/2022,1,25.64,Sell,FNGU,25.64,0.01,Pasted image 20230927121843.png,x
22088/BO09E,22088/1D3HLQ 3*,03/29/2022,03/31/2022,114,43.69,Sell,SOXL,4980.66,0.03,Pasted image 20230927121847.png,x
22088/BovIC,22088/1D3C6D,03/29/2022,03/31/2022,208,33.6101,Sell,SOXS,6990.9,0.04,Pasted image 20230927121852.png,x
22088/B96z2C,REFERENCE NO.,03/29/2022,03/31/2022,645,7.7202,Sell,JDST,4979.53,0.03,Pasted image 20230927121857.png,x
22088/B94R0,22088/1GT1DR 3* | WK# |,03/29/2022,03/31/2022,78,76.56,Sell,JNUG,5971.68,0.04,Pasted image 20230927121903.png,x
22088/BODDY,22088/1D149F,03/29/2022,03/31/2022,280,17.8423,Sell,KOLD,4995.84,0.03,Pasted image 20230927121908.png,x
22088/BOESO,22088/1D17TM 3*| WK#,03/29/2022,03/31/2022,174,51.6813,Sell,BOIL,8992.55,0.05,Pasted image 20230927121912.png,x
22089/BBHBG,22089 /1CW4NB 3*,03/30/2022,04/01/2022,33,7.485,Sell,JDST,247.01,0.01,Pasted image 20230927121925.png,x
22089/BBCWY,22089/1Â¢cWxCx 3*,03/30/2022,04/01/2022,29,16.8908,Sell,KOLD,489.83,0.01,Pasted image 20230927121931.png,x
23089/HCOBY,23089/1CPOWR,03/30/2023,04/03/2023,2,96.4223,Buy,FNGU,192.84,,Pasted image 20230927121947.png,x
23089/HC8xO,23089/1CTHWC 3*,03/30/2023,04/03/2023,15,13.83,Sell,BERZ,207.45,0.01,Pasted image 20230927121952.png,x
23089/HC981,23089/1CVK2H8 3*| WO#],03/30/2023,04/03/2023,20,5.022,Sell,GDXD,100.44,0.01,Pasted image 20230927121958.png,x
23089/HC4EV,23089/1CRCOF 3*,03/30/2023,04/03/2023,60,5.89,Sell,JDST,353.4,0.01,Pasted image 20230927122002.png,x
23089/HC7TX,23089/1CSXxM 3*,03/30/2023,04/03/2023,15,10.64,Sell,DUST,159.6,0.01,Pasted image 20230927122009.png,x
23089/HTFDO,23089/1gpv2T,03/30/2023,04/03/2023,40,4.64,Sell,UVXY,185.6,0.01,Pasted image 20230927122015.png,x
23089/HC58r,23089/1CSB7B 3*| WO#],03/30/2023,04/03/2023,60,3.3728,Sell,BOIL,202.37,0.01,Pasted image 20230927122020.png,x
22090/A4ZLX,22090/1CG30X,03/31/2022,04/04/2022,9,41.2301,Sell,SOXL,371.07,0.01,Pasted image 20230927122040.png,x
22090/BSGGP,22090/1FMGTE 3*,03/31/2022,04/04/2022,7,39.67,Sell,SOXL,277.69,0.01,Pasted image 20230927122046.png,x
22090/BOLHY,22090/1G65719,03/31/2022,04/04/2022,78,63.34,Sell,TNA,4940.52,0.03,Pasted image 20230927122052.png,x
22090/B03cG,22090/1GKFON,03/31/2022,04/04/2022,213,30.4729,Sell,TZA,6490.73,0.04,Pasted image 20230927122101.png,x
22090/B3AL7,22090/1GW10K 3*,03/31/2022,04/04/2022,943,5.3001,Sell,ERY,4997.99,0.03,Pasted image 20230927122107.png,x
22090/BKHZV,22090/1DQR3V 3*,03/31/2022,04/04/2022,217,22.961,Sell,DRIP,4982.54,0.03,Pasted image 20230927122112.png,x
22090/BKICM,22090/1DQVRR 3*,03/31/2022,04/04/2022,42,175.114,Sell,GUSH,7354.79,0.04,Pasted image 20230927122117.png,x
22090/B3D0V,22090/1GXFVM,03/31/2022,04/04/2022,89,55.67,Sell,ERX,4954.63,0.03,Pasted image 20230927122122.png,x
22090/A370W,22090/1CFMOF 3*,03/31/2022,04/04/2022,32,15.311,Sell,KOLD,489.95,0.01,Pasted image 20230927122129.png,x
22090/A7E5C,22090/1CNQ4V 3* | WK# |_,03/31/2022,04/04/2022,899,5.555,Sell,SCO,4993.95,0.03,Pasted image 20230927122137.png,x
22090/A7DGP,22090/1CNM7L,03/31/2022,04/04/2022,50,160.19,Sell,UCO,8009.5,0.05,Pasted image 20230927122140.png,x
23090/HHDON,23090/1C968L_,03/31/2023,04/04/2023,100,4.59,Sell,UVXY,459,0.01,Pasted image 20230927122154.png,x
22091/BKJNB,22091/1DVTXC,04/01/2022,04/05/2022,84,58.9616,Sell,TECL,4952.77,0.03,Pasted image 20230927122205.png,x
22091/BC763,22091/107279 3*,04/01/2022,04/05/2022,13,35.795,Sell,SOXL,465.34,0.01,Pasted image 20230927122212.png,x
22091/BC967,TPE | REG.REP.,04/01/2022,04/05/2022,3,63.7015,Sell,TNA,191.1,0.01,Pasted image 20230927122217.png,x
122091/BC3T5,22091/1C7P0N 3*| WK#,04/01/2022,04/05/2022,57,5.2115,Sell,ERY,297.06,0.01,Pasted image 20230927122243.png,x
22091/BC5QL,22091/1C7XMZ,04/01/2022,04/05/2022,13,22.8012,Sell,DRIP,296.42,0.01,Pasted image 20230927122258.png,x
22091/BKHMA,22091/1DVJEB,04/01/2022,04/05/2022,153,32.6605,Sell,TECS,4997.06,0.03,Pasted image 20230927122303.png,x
23093/HOP2W,23093/1GDWBB 3*| WO#],04/03/2023,04/05/2023,10,22.8813,Sell,SCO,228.81,0.01,Pasted image 20230927122313.png,x
22094/ASFWS.,22094 /1BRFVC 3*,04/04/2022,04/06/2022,16,30.3524,Sell,TECS,485.64,0.01,Pasted image 20230927122322.png,x
22094~A4SKN,22094/1CFHBB,04/04/2022,04/06/2022,5,56.1,Sell,ERX,280.5,0.01,Pasted image 20230927122328.png,x
22094/APP9oK,22094/1BMXXD,04/04/2022,04/06/2022,70,7.15,Sell,JDST,500.5,0.01,Pasted image 20230927122332.png,x
22094~APM60,22094/1BMTEV 3*,04/04/2022,04/06/2022,93,5.3234,Sell,SCO,495.08,0.01,Pasted image 20230927122336.png,x
22095/A3E8L_,22095 /1B9RQC 3*,04/05/2022,04/07/2022,17,33.51,Sell,SOXL,569.67,0.01,Pasted image 20230927122347.png,x
22095/A35SR,22095/1B90MT 3* | WK#,04/05/2022,04/07/2022,50,13.9315,Sell,KOLD,696.58,0.01,Pasted image 20230927122353.png,x
23095/HKAP3,23095 / 1FQD6F 3*,04/05/2023,04/10/2023,100,4.3307,Sell,GDXD,433.07,0.01,Pasted image 20230927122404.png,x
23095/HKGKF,23095/1FRC2Q 3*,04/05/2023,04/10/2023,10,29.21,Sell,TNA,292.1,0.01,Pasted image 20230927122410.png,x
23095/HKDYS,23095/1FQZ6V,04/05/2023,04/10/2023,40,9.6003,Sell,DUST,384.01,0.01,Pasted image 20230927122417.png,x
23095/HI8KE,23095/1FP4RT,04/05/2023,04/10/2023,145,21.419,Buy,SMDD,3105.76,,Pasted image 20230927122423.png,x
23095/HI9BI,23095/1FP7BW,04/05/2023,04/10/2023,136,16.9199,Buy,UMDD,2301.11,2301.11,Pasted image 20230927122429.png,x
22096/BOQMD,22096 /1DVZPC 3*,04/06/2022,04/08/2022,9,54.8,Sell,TECL,493.2,0.01,Pasted image 20230927122442.png,x
22096/BOVI1,22096/1DV7KV,04/06/2022,04/08/2022,16,29.8601,Sell,SOXL,477.76,0.01,Pasted image 20230927122449.png,x
22096/BOSHE,22096/1DV3DD 3*,04/06/2022,04/08/2022,8,58.11,Sell,TNA,464.88,0.01,Pasted image 20230927122456.png,x
22096/BOx6S,22096/1DWF2H,04/06/2022,04/08/2022,38,12.96,Sell,KOLD,492.48,0.01,Pasted image 20230927122505.png,x
23096 /HM370,23096 /1GCLCC 3*| WO#],04/06/2023,04/11/2023,100,3.0101,Sell,BOIL,301.01,0.01,Pasted image 20230927122514.png,x
22097/BTK9C,22097/1FMTZ) 3*,04/07/2022,04/11/2022,24,12.2301,Sell,KOLD,293.52,0.01,Pasted image 20230927122524.png,x
22101/BR9XO,22101/1D55KQ,04/11/2022,04/13/2022,9,50.81,Sell,TECL,457.29,0.01,Pasted image 20230927122536.png,x
22101/BSC56,22101/1D6C7T,04/11/2022,04/13/2022,18,27.0202,Sell,SOXL,486.36,0.01,Pasted image 20230927122542.png,x
22102/A20J2,22102/1CB94Q,04/12/2022,04/14/2022,50,98.1601,Sell,NRGD,4908.01,0.03,Pasted image 20230927122551.png,x
22102/BQABO,22102/1D2W2g 3*,04/12/2022,04/14/2022,14,34.24,Sell,TZA,479.36,0.01,Pasted image 20230927122558.png,x
22102/A2XBS,22102/1CB42M,04/12/2022,04/14/2022,1000,4.855,Buy,ERY,4855,,Pasted image 20230927122604.png,x
22102/BDNHC,22102/1C27SN 3*,04/12/2022,04/14/2022,13,21.48,Sell,DRIP,279.24,0.01,Pasted image 20230927122608.png,x
22102/A2yC1,22102/1CB619,04/12/2022,04/14/2022,94,59.8791,Buy,ERX,5628.64,0,Pasted image 20230927122616.png,x
22102/BDMEM,22102/10256F 3*,04/12/2022,04/14/2022,47,10.6013,Sell,KOLD,498.26,0.01,Pasted image 20230927122621.png,x
23102/HB8FS,23102/1CF49B,04/12/2023,04/14/2023,100,3.28,Sell,BOIL,328,0.01,Pasted image 20230927122638.png,x
22104/BRFVB,22104/1D82VP_ 3*,04/14/2022,04/19/2022,87,9.181,Sell,KOLD,798.75,0.01,Pasted image 20230927122648.png,x
22104/Bx1H,22104/1FRZBX 3*,04/14/2022,04/19/2022,102,4.88,Sell,SCO,497.76,0.01,Pasted image 20230927122654.png,x
22108/BESV6,22108/1C5D5X,04/18/2022,04/20/2022,21,46.88,Buy,TECL,984.48,,Pasted image 20230927122704.png,x
22108/BD1XZ,22108/1C3IXJ,04/18/2022,04/20/2022,19,52.2195,Buy,SOXS,992.17,,Pasted image 20230927122711.png,x
22108/BETTO,22108/1C4WEC,04/18/2022,04/20/2022,25,39.879,Buy,TECS,996.98,,Pasted image 20230927122719.png,x
22108/BD50Â¥,22108/1C3VEW 3* | WK#,04/18/2022,04/20/2022,132,7.53,Sell,KOLD,993.96,0.01,Pasted image 20230927122724.png,x
22108/BDZ10,22108/103G0z,04/18/2022,04/20/2022,210,4.765,Buy,SCO,1000.65,0,Pasted image 20230927122732.png,x
22108/BDYXP,22108/1C3FNI,04/18/2022,04/20/2022,5,180.715,Buy,UCO,903.58,,Pasted image 20230927122737.png,x
23111/HH93E,23111/1C7W4F,04/21/2023,04/25/2023,100,3.8237,Sell,UVXY,382.37,0.01,Pasted image 20230927122748.png,x
22115/HS7YS,22115/1DSWNZ 3*,04/25/2022,04/27/2022,6,43.24,Sell,TECL,259.44,0.01,Pasted image 20230927122758.png,x
22115/HSSY7,22115/1DSRRM 3*,04/25/2022,04/27/2022,12,49.15,Sell,TNA,589.8,0.01,Pasted image 20230927122803.png,x
22115/HxK9T,22115/1D7NLN,04/25/2022,04/27/2022,10,141.92,Sell,GUSH,1419.2,0.01,Pasted image 20230927122808.png,x
22118/11CH8,22118/1GOZ8K,04/28/2022,05/02/2022,100,5.18,Sell,SCO,518,0.01,Pasted image 20230927122821.png,x
23118/HXK6X,23118/1G5WXL_3*,04/28/2023,05/02/2023,100,3.595,Sell,UVXY,359.5,0.01,Pasted image 20230927125946.png,x
22119/11X91,22119/1GHNHT 3*,04/29/2022,05/03/2022,10,43.0401,Sell,TECL,430.4,0.01,Pasted image 20230927125957.png,x
22119/TT7BP,22119/1GIFSC 3*,04/29/2022,05/03/2022,30,22.6402,Sell,SOXL,679.21,0.01,Pasted image 20230927130005.png,x
22119/T3czI,22119/1GIxPB,04/29/2022,05/03/2022,100,8.6701,Sell,KOLD,867.01,0.01,Pasted image 20230927130011.png,x
23122/HH8KD,23122/1C927M,05/02/2023,05/04/2023,15,18.6511,Sell,SAA,279.77,0.01,Pasted image 20230927130021.png,x
22123/G1N3T,22123/1BG6QQ 3*,05/03/2022,05/05/2022,100,7.1912,Sell,KOLD,719.12,0.01,Pasted image 20230927130030.png,x
22132/H3BKM,22132/1FH6GV,05/12/2022,05/16/2022,205,4.8701,Buy,SCO,998.37,,Pasted image 20230927130039.png,x
22132/H28MP,22132/1FHOGG,05/12/2022,05/16/2022,6,167.265,Buy,UCO,1003.59,1003.59,Pasted image 20230927130046.png,x
22136/HMM1N,22136/1CZJWH,05/16/2022,05/18/2022,10,39.6,Sell,TNA,396,0.01,Pasted image 20230927130053.png,x
22136/HADA4Y,22136/1B04PV 3*| WO#],05/16/2022,05/18/2022,200,6.4101,Sell,KOLD,1282.02,0.03,Pasted image 20230927130100.png,x
74347Â¥862,REFERENCE NO.,05/16/2022,05/18/2022,100,4.5909,Sell,SCO,459.09,0.02,Pasted image 20230927130105.png,x
22138/1HZO7,22138/1GLV7B 3*| WO#],05/18/2022,05/20/2022,12,37.8012,Sell,TNA,453.61,0.02,Pasted image 20230927130115.png,x
22140/HSVYI,22140/1DC4ZL_ 3*,05/20/2022,05/24/2022,25,30.5505,Sell,TECL,763.76,0.02,Pasted image 20230927130124.png,x
22140/HSOKF,22140/1DCT7K 3*| WO#],05/20/2022,05/24/2022,25,18.7301,Sell,SOXL,468.25,0.02,Pasted image 20230927130133.png,x
22143/HWWZN,22143/1DXGGN,05/23/2022,05/25/2022,15,33.76,Sell,TECL,506.4,0.02,Pasted image 20230927130142.png,x
22143/HWxZzK,22143/1DXRPC 3*| WO#],05/23/2022,05/25/2022,150,5.59,Sell,KOLD,838.5,0.02,Pasted image 20230927130154.png,x
22147/HPQRW,22147/1CWOKD 3*| WO#],05/27/2022,06/01/2022,137,39.01,Buy,TECL,5344.37,,Pasted image 20230927130204.png,x
22147/HPROL,22147/1CW1RZ,05/27/2022,06/01/2022,144,39.9999,Buy,TECS,5759.99,0,Pasted image 20230927130211.png,x
22152/HXF2D,22152/1D6MWR 3*,06/01/2022,06/03/2022,25,21.0038,Sell,KOLD,525.1,0.02,Pasted image 20230927130220.png,x
22152/H7Â¥00,22152/1GPDLC 3*| WO#],06/01/2022,06/03/2022,20,20.9645,Sell,KOLD,419.29,0.01,Pasted image 20230927130227.png,x
22153/HVKOC,22153/1DQHHC 3*,06/02/2022,06/06/2022,100,15,Sell,DRIP,1500,0.04,Pasted image 20230927130238.png,x
22153/HVPCT7,22153/1DQTKL 3*| WO#],06/02/2022,06/06/2022,30,21.4588,Sell,KOLD,643.76,0.02,Pasted image 20230927130246.png,x
22157/HS5V5F,22157/1D62VV 3*| WO#],06/06/2022,06/08/2022,100,17.8137,Sell,KOLD,1781.37,0.05,Pasted image 20230927130256.png,x
22158/HI85Z,22158/1DCVIX 3*| WO#],06/07/2022,06/09/2022,70,13.8623,Sell,DRIP,970.36,0.03,Pasted image 20230927130307.png,x
22165/HXDZ3,22165/1HP2QG,06/14/2022,06/16/2022,110,27.7501,Sell,TECL,3052.51,0.07,Pasted image 20230927130320.png,x
22165/HIF8P,22165/1DMRGM,06/14/2022,06/16/2022,188,15.9087,Buy,DRIP,2990.84,2990.84,Pasted image 20230927130328.png,x
22165/HxB2W,22165/1HPKWC 3*| WO#],06/14/2022,06/16/2022,170,52.87,Sell,TECS,8987.9,0.21,Pasted image 20230927130334.png,x
22165/HIFG7,22165/1DMLQC,06/14/2022,06/16/2022,14,210.92,Buy,GUSH,2952.88,2952.88,Pasted image 20230927130340.png,x
22165/HGLN2,22165/1C89DL 3*| WO#],06/14/2022,06/16/2022,15,43.191,Sell,JNUG,647.87,0.02,Pasted image 20230927130350.png,x
22165/HIB64,22165/1DL40B,06/14/2022,06/16/2022,181,26.5244,Buy,KOLD,4800.92,4800.92,Pasted image 20230927130355.png,x
22165/HIA6C,22165/1DLZGL,06/14/2022,06/16/2022,38,78.76,Buy,BOIL,2992.88,2992.88,Pasted image 20230927130401.png,x
22167/HYOIS,22167/1GHOQZ 3*,06/16/2022,06/21/2022,40,13.06,Sell,SOXL,522.4,0.02,Pasted image 20230927130412.png,x
22167/HSPO7,22167/1FLD2C 3*| WO#],06/16/2022,06/21/2022,38,78.42,Sell,BOIL,2979.96,0.07,Pasted image 20230927130417.png,x
22168/HROQFL,22168/1F3LPK,06/17/2022,06/22/2022,748,10.74,Buy,JDST,8033.52,,Pasted image 20230927130428.png,x
22168/HRPP7,22168/1F3H2R,06/17/2022,06/22/2022,93,44.7445,Buy,JNUG,4161.24,,Pasted image 20230927130436.png,x
22168/HKeMM,22168/1DT92z 3*| WO#],06/17/2022,06/22/2022,14,70.33,Sell,BOIL,984.62,0.03,Pasted image 20230927130441.png,x
22168/HPV3K,22168/1FQBDI 3*,06/17/2022,06/22/2022,15,67.1201,Sell,BOIL,1006.8,0.03,Pasted image 20230927130445.png,x
22173/HGIMN,22173/1D893T,06/22/2022,06/24/2022,30,14.2902,Sell,SOXL,428.71,0.01,Pasted image 20230927130456.png,x
22174/HIOYQ,22174/1FNQGN 3*,06/23/2022,06/27/2022,60,13.48,Sell,SOXL,808.8,0.02,Pasted image 20230927130508.png,x
22174/HIPXO,22174/1FNW5C,06/23/2022,06/27/2022,30,31.5,Sell,TNA,945,0.03,Pasted image 20230927130514.png,x
22180/G8KGB,22180/1B60GZ,06/29/2022,07/01/2022,37,13.6908,Sell,SOXL,506.56,0.02,Pasted image 20230927130523.png,x
22186/HCQKL,22186/1CRODJ,07/05/2022,07/07/2022,55,10.933,Sell,SOXL,601.32,0.02,Pasted image 20230927130533.png,x
22188/HIYDB,22188/1D3BP,07/07/2022,07/11/2022,20,41.69,Sell,TZA,833.8,0.02,Pasted image 20230927130544.png,x
22188/HIW46,22188/1D25WW,07/07/2022,07/11/2022,10,61.01,Sell,SOXS,610.1,0.02,Pasted image 20230927130552.png,x
22188/HIxQ0,22188/1D28ML,07/07/2022,07/11/2022,10,44.0205,Sell,TECS,440.21,0.02,Pasted image 20230927130559.png,x
22192/HKKYM,22192/1FBKVR,07/11/2022,07/13/2022,20,30.6606,Sell,TECL,613.21,0.02,Pasted image 20230927130612.png,x
22192/HIV77,22192/1D5GLV 3*,07/11/2022,07/13/2022,40,12.9105,Sell,SOXL,516.42,0.02,Pasted image 20230927130623.png,x
122192/HIg21,22192/1D3GRG 3*| WO#],07/11/2022,07/13/2022,40,28.0073,Sell,KOLD,1120.29,0.03,Pasted image 20230927130628.png,x
22193/HJAMM,22193/1FD9BZ 3*| WO#] 07/12/2022 | 07/14/2022 74347Y888_|22193/HJAMM.,07/12/2022,07/14/2022,30,33.8208,Sell,UCO,1014.62,0.03,Pasted image 20230927130641.png,x
22194/HLW83,22194/1FNDXN,07/13/2022,07/15/2022,68,29.1889,Buy,TECL,1984.85,,Pasted image 20230927130652.png,x
22194/HLV7K,22194/1FM51X,07/13/2022,07/15/2022,150,13.325,Buy,SOXL,1998.75,0,Pasted image 20230927130659.png,x
22194/HLZOW,22194/1FN4VW,07/13/2022,07/15/2022,60,33.64,Buy,TNA,2018.4,0,Pasted image 20230927130704.png,x
22194/HLZAM,22194/1FPMHB,07/13/2022,07/15/2022,45,44.77,Buy,TZA,2014.65,0,Pasted image 20230927130709.png,x
22194/HLWOH,22194/1FM8Sx,07/13/2022,07/15/2022,32,62.2189,Buy,SOXS,1991,,Pasted image 20230927130716.png,x
22194/HLX06,22194/1FNL9Z,07/13/2022,07/15/2022,43,47.64,Buy,TECS,2048.52,0,Pasted image 20230927130724.png,x
22195/HD9RH.,22195/1COJRP. 3*| WO#] 07/14/2022,07/14/2022,07/18/2022,34,23.88,Sell,KOLD,811.92,0.02,Pasted image 20230927130736.png,x
22196/HOD86.,22196/1F571F 3*| WO#] 07/15/2022 | 07/19/2022 254606336 _|22196/HOD86.,07/15/2022,07/19/2022,10,54.74,Sell,SOXS,547.4,0.02,Pasted image 20230927130746.png,x
22196/HEMCW,22196/1c5sswW 3*,07/15/2022,07/19/2022,42,23.46,Sell,KOLD,985.32,0.03,Pasted image 20230927130752.png,x
22196/HM1W9,22196/1FVBXM 3*,07/15/2022,07/19/2022,20,21.66,Sell,KOLD,433.2,0.01,Pasted image 20230927130756.png,x
22201/HPC43.,22201/OCM66K 3*| WO#],07/20/2022,07/22/2022,50,44.451,Sell,SOXS,2222.55,0.06,Pasted image 20230927130808.png,x
22201/Hz7A9,22201/ODJKOL 3*| WO#],07/20/2022,07/22/2022,70,19.45,Sell,KOLD,1361.5,0.04,Pasted image 20230927130816.png,x
22201/H5NE8,22201/0D5T3M,07/20/2022,07/22/2022,20,74.0836,Buy,BOIL,1481.67,,Pasted image 20230927130820.png,x
22202/HDI91,22202/1CJOZS 3*| WO#],07/21/2022,07/25/2022,40,16.4101,Sell,KOLD,656.4,0.02,Pasted image 20230927130829.png,x
22202/HLSFY,22202/1DGMMC 3*| WO#],07/21/2022,07/25/2022,60,16.0701,Sell,KOLD,964.21,0.03,Pasted image 20230927130834.png,x
22203/HHVH8,22203/1C11CZ,07/22/2022,07/26/2022,75,14.851,Sell,KOLD,1113.83,0.03,Pasted image 20230927130846.png,x
22206/G94JM,22206/1CNOKB 3*| WO#],07/25/2022,07/27/2022,60,14.0001,Sell,KOLD,840.01,0.02,Pasted image 20230927130855.png,x
22208/HKXEW,22208/1FNKPK 3*| WO#] 07/27/2022,07/27/2022,07/29/2022,60,13.3801,Sell,KOLD,802.81,0.02,Pasted image 20230927130904.png,x
22209/HRLJ7,22209/1HBSSC 3*| WO#],07/28/2022,08/01/2022,10,39.83,Sell,SOXS,398.3,0.01,Pasted image 20230927130914.png,x
22213/HQM2V,22213/1F3QJH,08/01/2022,08/03/2022,52,39.47,Buy,TECL,2052.44,,Pasted image 20230927130922.png,x
22213/HQRBP,22213/1F36ZG,08/01/2022,08/03/2022,351,19.6721,Buy,SOXL,6904.91,,Pasted image 20230927130928.png,x
22213/HQOYG,22213/1F3W8L,08/01/2022,08/03/2022,103,43.2522,Buy,TNA,4454.98,,Pasted image 20230927130937.png,x
22213/HOPPS,22213/1F31GM,08/01/2022,08/03/2022,122,33.91,Buy,TZA,4137.02,0,Pasted image 20230927130943.png,x
22213/HORTH,22213/1F38xD,08/01/2022,08/03/2022,137,39.35,Buy,SOXS,5390.95,,Pasted image 20230927130949.png,x
22213/HONRY,22213/1F3SxC,08/01/2022,08/03/2022,37,33.6797,Buy,TECS,1246.15,0,Pasted image 20230927130956.png,x
22213/HRO4R,22213/1F81L08,08/01/2022,08/03/2022,50,15.505,Sell,SPXU,775.25,0.02,Pasted image 20230927131000.png,x
22213/HQ6BB,22213/1F5xQ6 3*,08/01/2022,08/03/2022,50,18.68,Sell,DUG,934,0.03,Pasted image 20230927131006.png,x
22213/HRKQ7,22213/1F7STK 3*,08/01/2022,08/03/2022,50,52.3315,Sell,SRTY,2616.58,0.06,Pasted image 20230927131013.png,x
22213/HRMV9,22213/1F71SH 3*| WO#,08/01/2022,08/03/2022,50,40.0202,Sell,SQQQ,2001.01,0.05,Pasted image 20230927131019.png,x
22213/HxVvSO,22213/1G640GS 3*| WO#] ogs/01/2022,08/03/2022,08/03/2022,20,14.54,Sell,SRS,290.8,0.01,Pasted image 20230927131029.png,x
743476564,REFERENCE NO.,08/01/2022,08/03/2022,20,12.93,Sell,RXD,258.6,0.01,Pasted image 20230927131033.png,x
22213/HXMMR,22213/1G3K2T 3*,08/01/2022,08/03/2022,40,23.94,Sell,SDD,957.6,0.03,Pasted image 20230927131037.png,x
22213/HR206,22213/1F9WWN 3*,08/01/2022,08/03/2022,200,12.57,Sell,SMN,2514,0.06,Pasted image 20230927131059.png,x
22213/HRG33,22213/1F7B1M 3*,08/01/2022,08/03/2022,40,30.475,Sell,SDOW,1219,0.03,Pasted image 20230927131106.png,x
22213/HRCR4,22213/1F6SMzZ,08/03/2022,ogs/01/2022,40,23.4709,Sell,SMDD,938.84,0.03,Pasted image 20230927131111.png,x
22213/HQ61K,22213/1F51RK 3*,08/01/2022,08/03/2022,10,34.0324,Sell,DIG,340.32,0.01,Pasted image 20230927131116.png,x
22213/HRWCF,22213/1F8229 3*| WO#,08/01/2022,08/03/2022,200,10.7201,Sell,SDP,2144.02,0.05,Pasted image 20230927131121.png,x
22213/HRW6O,22213/1F85VS 3*,08/01/2022,08/03/2022,100,77.67,Sell,UPW,7767,0.18,Pasted image 20230927131125.png,x
22213/HWEET,22213/1G0WGQ 3*| WO#],08/01/2022,08/03/2022,10,91.8582,Sell,RXL,918.58,0.03,Pasted image 20230927131130.png,x
22213/HR3G7,22213/1F90RX 3*| WO#],08/01/2022,08/03/2022,100,20.68,Sell,UYM,2068,0.05,Pasted image 20230927131139.png,x
22213/HXNSX,22213/16379,08/01/2022,08/03/2022,10,24.8914,Sell,SAA,248.91,0.01,Pasted image 20230927131145.png,x
22213/HxTSM,22213/1G4T5M,08/01/2022,08/03/2022,10,82.33,Sell,URE,823.3,0.02,Pasted image 20230927131152.png,x
22213/HRLDE,22213/1F7VCB,og/03/2022,74347x799,10,51.83,Sell,URTY,518.3,0.02,Pasted image 20230927131157.png,x
22213/HRDJS,22213/1F6VZT,08/01/2022,08/03/2022,10,21.493,Sell,UMDD,214.93,0.01,Pasted image 20230927131203.png,x
22213/HRHB!,22213/1F7G2B 3*| WO#|,08/01/2022,08/03/2022,10,58.3,Sell,UDOW,583,0.02,Pasted image 20230927131208.png,x
22213/HRNIZ,22213/1F74DF 3*,08/01/2022,08/03/2022,10,33.27,Sell,TQQQ,332.7,0.01,Pasted image 20230927131211.png,x
22213/HRROG,22213/1F8N1G,og/03/2022,74347x864,10,44.2205,Sell,UPRO,442.21,0.02,Pasted image 20230927131220.png,x
22215/HPTF3.,22215/1FCKOT 3*| WO#],08/03/2022,08/05/2022,10,21.3,Sell,SOXL,213,0.01,Pasted image 20230927131255.png,x
22215/HRFJA,22215/1FK6D) WO#,08/03/2022,08/05/2022,3,17.5905,Sell,DRN,52.77,0.01,Pasted image 20230927131302.png,x
22215/HQSHK,22215/1FIZXZ,08/03/2022,08/05/2022,10,75.13,Sell,FAS,751.3,0.02,Pasted image 20230927131306.png,x
22215/HQ61S,22215/1FJ2QS 3*,08/03/2022,08/05/2022,80,23.33,Sell,FAZ,1866.4,0.05,Pasted image 20230927131313.png,x
22215/HPSLW,22215/1FCHXK,ogs/03/2022,ogs/05/2022,100,36.23,Sell,SOXS,3623,0.09,Pasted image 20230927131317.png,x
22215/HREST,22215/1FK4HK,08/03/2022,08/05/2022,30,39.98,Sell,DRV,1199.4,0.03,Pasted image 20230927131323.png,x
22215/HSHI1S,22215/1FP6WV 3*| WO#,08/03/2022,08/05/2022,80,13.43,Sell,KOLD,1074.4,0.03,Pasted image 20230927131326.png,x
22227/HMOOT,22227/1DT53D 3*| WO#],08/15/2022,08/17/2022,50,11.67,Sell,KOLD,583.5,0.02,Pasted image 20230927131336.png,x
22235/HINPF,22235/1DCRTM,08/23/2022,08/25/2022,28,182.28,Buy,GUSH,5103.84,0,Pasted image 20230927131346.png,x
22235/HIKIT,22235/1DB99,08/23/2022,08/25/2022,100,9.6288,Sell,KOLD,962.88,,Pasted image 20230927131354.png,x
22235/HIJFB,22235/1DB63B,08/23/2022,08/25/2022,44,116.0746,Buy,BOIL,5107.28,0,Pasted image 20230927131400.png,x
22266/G7CLW,22266/1BTK7M,09/23/2022,09/27/2022,75,16.4699,Buy,KOLD,1235.24,,Pasted image 20230927131409.png,x
22266/G7K82,22266/1BT8SK 3*| WO#],09/23/2022,09/27/2022,20,26.9579,Sell,UCO,539.16,0.02,Pasted image 20230927131416.png,x
22276/HMBVE,22276/1FS1WN 3*| WO#],10/03/2022,10/05/2022,157,19.0157,Buy,KOLD,2985.46,,Pasted image 20230927131426.png,x
22278/HNKEX,22278/1GR34G,10/05/2022,10/07/2022,9,55.55,Buy,BOIL,499.95,,Pasted image 20230927131437.png,x
22290/HEXPS,22290/1FXTJD,10/17/2022,10/19/2022,120,19.47,Buy,KOLD,2336.4,,Pasted image 20230927131445.png,x
22292/HDO8L,22292/1COT3K,10/19/2022,10/21/2022,100,22.115,Buy,KOLD,2211.5,,Pasted image 20230927131455.png,x
22294/HBND1,22294/1CD3PL 3*| WO#],10/21/2022,10/25/2022,100,26.2068,Buy,KOLD,2620.68,,Pasted image 20230927131512.png,x
22294/HBQGG,22294/1CFDWW,10/21/2022,10/25/2022,50,26.23,Buy,KOLD,1311.5,,Pasted image 20230927131526.png,x
22301/H857S,22301/1HS76N 3*,10/28/2022,11/01/2022,10,67.3812,Sell,SPXL,673.81,0.02,Pasted image 20230927131534.png,x
22301/H830F,22301/18SXNF 3*| WO#],10/28/2022,11/01/2022,100,22.215,Sell,SPXS,2221.5,0.06,Pasted image 20230927131541.png,x
74347G432,REFERENCE NO.,10/28/2022,11/01/2022,50,50.4017,Sell,SQQQ,2520.09,0.06,Pasted image 20230927131547.png,x
22301/H6CBR,22301/1G85VL 3*,10/28/2022,11/01/2022,40,28.32,Sell,SDOW,1132.8,0.03,Pasted image 20230927131552.png,x
22301/H6CaT,22301/168919 3*,10/28/2022,11/01/2022,10,56.7,Sell,UDOW,567,0.02,Pasted image 20230927131613.png,x
22301/H444K,22301/1G1W8H 3*,10/28/2022,11/01/2022,10,21.6204,Sell,TQQQ,216.2,0.01,Pasted image 20230927131617.png,x
22301/H7VHIT,22301/1HKPGB 3*| WO#|,10/28/2022,11/01/2022,80,35.7728,Sell,BOIL,2861.82,0.07,Pasted image 20230927131621.png,x
22308/HPZCE,22308/1F2WBP_ 3*| WO#],11/04/2022,11/08/2022,10,28.11,Sell,GDXU,281.1,0.01,Pasted image 20230927131631.png,x
22315/HOR1Y,22315/1HKWOX 3*| WO#],11/11/2022,11/15/2022,5,10.95,Sell,DRIP,54.75,0.01,Pasted image 20230927131644.png,x
22315/HOPOT,22315/1HKLWW,11/11/2022,11/15/2022,20,202.31,Sell,GUSH,4046.2,0.1,Pasted image 20230927131654.png,x
22319/HZCHS,22319/1HBGGX 3*| WO#],11/15/2022,11/17/2022,10,57.53,Sell,FNGU,575.3,0.02,Pasted image 20230927131710.png,x
22319/HNIxK,22319/1DWBCE 3*,11/15/2022,11/17/2022,10,83.7112,Sell,FAS,837.11,0.02,Pasted image 20230927131717.png,x
22319/HN2IC,22319/1DWCSL 3*| WO#],11/15/2022,11/17/2022,80,17.4,Sell,FAZ,1392,0.04,Pasted image 20230927131726.png,x
22319/HXE3D,22319/1GCRHL 3*,11/15/2022,11/17/2022,230,9.27,Sell,JDST,2132.1,0.05,Pasted image 20230927131732.png,x
22319/HxXFHH,22319/1ccssw,11/15/2022,11/17/2022,100,33.78,Sell,JNUG,3378,0.08,Pasted image 20230927131741.png,x
22327/G7BER,22327/1BWNHF,11/23/2022,11/28/2022,10,29.5209,Sell,BULZ,295.21,0.01,Pasted image 20230927131753.png,x
22332/HLJEY,22332/1F8FQC,11/28/2022,11/30/2022,100,17.85,Sell,SRS,1785,0.05,Pasted image 20230927131803.png,x
22332/HLTFD,22332/1F8B5F,11/28/2022,11/30/2022,50,60.69,Sell,URE,3034.5,0.07,Pasted image 20230927131809.png,x
22334/HO7Z),22334/1F16GM 3*| WO#],11/30/2022,12/02/2022,10,13.19,Sell,SOXL,131.9,0.01,Pasted image 20230927131822.png,x
22334/HNIP4,22334/1FXD9F 3*,11/30/2022,12/02/2022,20,38.86,Sell,TNA,777.2,0.02,Pasted image 20230927131827.png,x
22334/HN3xXA,22334/1FXMIM 3*| WO#],11/30/2022,12/02/2022,160,29.6704,Sell,TZA,4747.26,0.11,Pasted image 20230927131835.png,x
22334/HO6AT,22334/1F1722 3*| WO#] 11/30/2022,11/30/2022,12/02/2022,100,31.8505,Sell,SOXS,3185.05,0.08,Pasted image 20230927131846.png,x
22334/HNRYV,22334/1FWSOW 3*| WO#],11/30/2022,12/02/2022,80,19.58,Sell,SMDD,1566.4,0.04,Pasted image 20230927131855.png,x
22334/HNWDI,22334/1FW1BG 3*,11/30/2022,12/02/2022,10,20.84,Sell,UMDD,208.4,0.01,Pasted image 20230927131900.png,x
22336/HOO39,22336/1FZ73X 3*,12/02/2022,12/06/2022,24,16.77,Sell,KOLD,402.48,0.01,Pasted image 20230927131909.png,x
22336/HOz37,22336/1FZ4KW 3*,12/02/2022,12/06/2022,60,36.2461,Sell,BOIL,2174.77,0.05,Pasted image 20230927131916.png,x
22339/HHRRA,22339/1DDH7,12/05/2022,12/07/2022,10,25.14,Sell,OILD,251.4,0.01,Pasted image 20230927131926.png,x
22340/G64GG,22340/1BO2HR,12/06/2022,12/08/2022,5,334.98,Sell,NRGD,1674.9,0.04,Pasted image 20230927131937.png,x